variant,PvalPleioVar,FullPleio,SynthPleio,PvalGWAS
11:28721461:G:T,4.50124220569741e-13,V:48_irnt:21001_irnt:884,Suspected Vertical Pleiotropy,1.48645e-08
11:28723622:C:T,1.99238137014297e-13,V:48_irnt:21001_irnt:884,Suspected Vertical Pleiotropy,1.41182e-08
11:28724412:A:T,1.59704260560962e-13,V:48_irnt:21001_irnt:884,Suspected Vertical Pleiotropy,1.36955e-08
11:28724800:T:G,1.89301355114516e-13,V:48_irnt:21001_irnt:884,Suspected Vertical Pleiotropy,1.39974e-08
11:28724836:A:G,1.75177232325118e-13,V:48_irnt:21001_irnt:884,Suspected Vertical Pleiotropy,1.38804e-08
11:28725207:A:T,9.90073430897049e-25,V:21001_irnt:884,Suspected Vertical Pleiotropy,5.76231e-10
11:28725496:G:A,2.07557776601911e-13,V:48_irnt:21001_irnt:884,Suspected Vertical Pleiotropy,1.42143e-08
11:28728332:C:G,6.99061812773162e-13,V:48_irnt:21001_irnt:884,Suspected Vertical Pleiotropy,1.68149e-08
11:28728349:C:G,1.06471718589573e-12,V:48_irnt:21001_irnt:884,Suspected Vertical Pleiotropy,1.74124e-08
11:28728674:G:T,6.7461991865896e-13,V:48_irnt:21001_irnt:884,Suspected Vertical Pleiotropy,1.65494e-08
11:28729030:A:G,1.1312481320666e-12,V:48_irnt:21001_irnt:884,Suspected Vertical Pleiotropy,1.72383e-08
11:28730053:T:C,2.96290559398336e-10,V:48_irnt:21001_irnt:884,Suspected Vertical Pleiotropy,3.10721e-08
11:28731015:T:A,1.80733782303637e-11,V:48_irnt:21001_irnt:884,Suspected Vertical Pleiotropy,2.40433e-08
11:28731265:A:G,5.01451379699866e-23,V:21001_irnt:884,Suspected Vertical Pleiotropy,1.02005e-09
11:28732417:G:A,1.45331878858106e-11,V:48_irnt:21001_irnt:884,Suspected Vertical Pleiotropy,2.36075e-08
11:28732442:G:A,4.31910783976046e-23,V:21001_irnt:884,Suspected Vertical Pleiotropy,1.00089e-09
11:28732659:C:T,5.60941877511667e-23,V:21001_irnt:884,Suspected Vertical Pleiotropy,1.03929e-09
11:28733148:C:T,4.11061323462407e-23,V:21001_irnt:884,Suspected Vertical Pleiotropy,9.90255e-10
11:28733160:A:G,1.99476280886741e-12,V:48_irnt:21001_irnt:884,Suspected Vertical Pleiotropy,1.9403e-08
11:28734335:G:C,1.93893146974477e-11,V:48_irnt:21001_irnt:884,Suspected Vertical Pleiotropy,2.40867e-08
11:28735022:A:G,2.36024168290307e-11,V:48_irnt:21001_irnt:884,Suspected Vertical Pleiotropy,2.45026e-08
11:28739318:C:A,8.82572039674528e-14,V:48_irnt:21001_irnt:884,Suspected Vertical Pleiotropy,1.53854e-08
11:28739440:C:T,1.1776702019271e-13,V:48_irnt:21001_irnt:884,Suspected Vertical Pleiotropy,1.59103e-08
11:28741036:A:G,1.05918390942743e-13,V:48_irnt:21001_irnt:884,Suspected Vertical Pleiotropy,1.53698e-08
15:74609083:T:G,4.85093300271313e-13,U:20002_1065:21001_irnt:23099_irnt:23106_irnt:30010_irnt:30630_irnt:30760_irnt:30780_irnt:48_irnt:30690_irnt:30880_irnt,Detected Network Pleiotropy,1.3898e-09
15:74609579:G:T,2.43054864882615e-11,U:20002_1065:21001_irnt:23106_irnt:30010_irnt:30630_irnt:30760_irnt:30780_irnt:48_irnt:30690_irnt:30880_irnt,Detected Network Pleiotropy,2.33619e-09
15:74610279:A:T,3.85490480808104e-10,U:20002_1065:21001_irnt:23106_irnt:30010_irnt:30630_irnt:30760_irnt:30780_irnt:4079_irnt:48_irnt:30690_irnt:30880_irnt,Detected Network Pleiotropy,3.90508e-09
15:74615161:T:C,5.15024458200309e-10,U:20002_1065:21001_irnt:23106_irnt:30010_irnt:30630_irnt:30760_irnt:30780_irnt:4079_irnt:48_irnt:30690_irnt:30880_irnt,Detected Network Pleiotropy,1.56956e-09
15:74615507:C:T,6.80011844956727e-10,U:20002_1065:21001_irnt:23106_irnt:30010_irnt:30630_irnt:30760_irnt:30780_irnt:4079_irnt:48_irnt:30690_irnt:30880_irnt,Detected Network Pleiotropy,1.62236e-09
15:74715205:T:C,1.13205273199059e-15,U:20002_1065:21001_irnt:23099_irnt:23106_irnt:30010_irnt:30630_irnt:30760_irnt:30780_irnt:4079_irnt:48_irnt:30690_irnt:30880_irnt,Detected Network Pleiotropy,4.11921e-10
15:74716174:G:A,8.20165754170123e-15,U:20002_1065:21001_irnt:23099_irnt:23106_irnt:30010_irnt:30630_irnt:30760_irnt:30780_irnt:4079_irnt:48_irnt:30690_irnt:30880_irnt,Detected Network Pleiotropy,6.83236e-10
15:74721270:C:G,1.83581367083516e-15,U:20002_1065:21001_irnt:23099_irnt:23106_irnt:30010_irnt:30630_irnt:30760_irnt:30780_irnt:4079_irnt:48_irnt:30690_irnt:30880_irnt,Detected Network Pleiotropy,4.41293e-10
15:75019449:C:T,5.6796758756563e-21,U:20002_1065:21001_irnt:23099_irnt:23106_irnt:30710_irnt:30760_irnt:30780_irnt:4079_irnt:48_irnt:6138_1:30690_irnt:30880_irnt,Detected Network Pleiotropy,4.84292e-13
15:75027880:C:T,2.1805049997439e-21,U:20002_1065:21001_irnt:23099_irnt:23106_irnt:30710_irnt:30780_irnt:4079_irnt:48_irnt:6138_1:30690_irnt:30880_irnt,Detected Network Pleiotropy,6.70473e-13
17:27345785:G:A,4.65909762438344e-10,V:884:1558,Suspected Vertical Pleiotropy,7.57447e-09
17:27349210:T:C,4.14311692464388e-13,V:884:1558,Suspected Vertical Pleiotropy,2.37382e-09
17:27372547:G:T,2.31345770833606e-11,V:884:1558,Suspected Vertical Pleiotropy,4.37286e-09
17:27382061:C:A,1.42076481249365e-13,V:884:1558,Suspected Vertical Pleiotropy,2.15321e-09
18:1823283:A:G,4.95337840015631e-37,U:23099_irnt:23106_irnt:48_irnt,Detected Network Pleiotropy,3.9943e-15
18:1823698:G:A,4.71255093069159e-37,U:23099_irnt:23106_irnt:48_irnt,Detected Network Pleiotropy,3.81333e-15
18:1823877:A:G,4.3564355441892e-37,U:23099_irnt:23106_irnt:48_irnt,Detected Network Pleiotropy,3.49018e-15
18:1827189:C:T,4.84123839249247e-37,U:23099_irnt:23106_irnt:48_irnt,Detected Network Pleiotropy,4.17896e-15
18:1828950:G:C,5.64088120098155e-22,U:21001_irnt:23099_irnt:48_irnt,Detected Network Pleiotropy,1.78456e-09
18:1829462:T:C,1.91545682250727e-20,U:21001_irnt:23099_irnt:48_irnt,Detected Network Pleiotropy,3.45677e-09
18:1829675:C:T,2.07868796048571e-20,U:21001_irnt:23099_irnt:48_irnt,Detected Network Pleiotropy,3.52921e-09
18:1832246:G:C,1.74289104446852e-21,U:21001_irnt:23099_irnt:48_irnt,Detected Network Pleiotropy,2.61995e-09
18:1833682:A:G,3.52648159057983e-21,U:21001_irnt:23099_irnt:48_irnt,Detected Network Pleiotropy,2.58648e-09
18:1833735:G:A,1.23404558383708e-20,U:21001_irnt:23099_irnt:48_irnt,Detected Network Pleiotropy,3.16154e-09
18:1834379:G:A,8.5988451448925e-21,U:21001_irnt:23099_irnt:48_irnt,Detected Network Pleiotropy,3.05038e-09
18:1834649:T:G,8.21985848083938e-22,U:21001_irnt:23099_irnt:48_irnt,Detected Network Pleiotropy,2.12648e-09
18:1835097:T:C,1.24812319421295e-20,U:21001_irnt:23099_irnt:48_irnt,Detected Network Pleiotropy,3.23324e-09
18:1835105:A:T,4.05994539778462e-21,U:21001_irnt:23099_irnt:48_irnt,Detected Network Pleiotropy,2.70891e-09
18:1835383:C:T,3.07429512550574e-21,U:21001_irnt:23099_irnt:48_irnt,Detected Network Pleiotropy,2.55421e-09
18:1836061:C:T,1.70179318297757e-21,U:21001_irnt:23099_irnt:48_irnt,Detected Network Pleiotropy,2.40485e-09
18:1836235:G:A,1.61890601583101e-21,U:21001_irnt:23099_irnt:48_irnt,Detected Network Pleiotropy,2.36151e-09
18:1836490:G:A,4.23044758354321e-21,U:21001_irnt:23099_irnt:48_irnt,Detected Network Pleiotropy,2.8042e-09
18:1836666:C:A,1.02629434022286e-21,U:21001_irnt:23099_irnt:48_irnt,Detected Network Pleiotropy,2.30048e-09
18:1836757:A:G,1.29778335877904e-21,U:21001_irnt:23099_irnt:48_irnt,Detected Network Pleiotropy,2.3469e-09
18:1837007:A:C,2.92019065216031e-37,U:23099_irnt:23106_irnt:48_irnt,Detected Network Pleiotropy,1.86749e-19
18:1837016:G:A,2.83099763078889e-37,U:23099_irnt:23106_irnt:48_irnt,Detected Network Pleiotropy,1.86917e-19
18:1837204:G:A,3.76250485431412e-37,U:23099_irnt:23106_irnt:48_irnt,Detected Network Pleiotropy,1.0921e-19
18:1837628:A:T,2.57153966288875e-37,U:23099_irnt:23106_irnt:48_irnt,Detected Network Pleiotropy,1.76738e-19
18:1849194:G:A,4.53009035638056e-14,U:23099_irnt:48_irnt,Detected Network Pleiotropy,1.86727e-08
18:1852674:G:A,2.9378045236271e-37,U:23099_irnt:23106_irnt:48_irnt,Detected Network Pleiotropy,1.33517e-18
18:1853561:C:T,4.65640475354122e-37,U:23099_irnt:23106_irnt:48_irnt,Detected Network Pleiotropy,1.96082e-18
18:1853997:C:T,4.65068938922822e-37,U:23099_irnt:23106_irnt:48_irnt,Detected Network Pleiotropy,1.94349e-18
18:1854320:G:C,2.91126609698676e-37,U:23099_irnt:23106_irnt:48_irnt,Detected Network Pleiotropy,1.54152e-18
18:1854516:G:A,4.934165290926e-37,U:23099_irnt:23106_irnt:48_irnt,Detected Network Pleiotropy,1.9911e-18
18:1856165:T:G,6.11603729310406e-37,U:23099_irnt:23106_irnt:48_irnt,Detected Network Pleiotropy,2.66415e-18
18:1856272:G:A,2.07304173473737e-35,U:23099_irnt:23106_irnt:48_irnt:6138_1,Detected Network Pleiotropy,5.191e-15
18:1857202:T:C,7.61736325257417e-37,U:23099_irnt:23106_irnt:48_irnt,Detected Network Pleiotropy,3.29579e-18
18:1857836:C:G,6.55309642290137e-37,U:23099_irnt:23106_irnt:48_irnt,Detected Network Pleiotropy,2.80749e-18
18:1859027:A:G,8.64734474433982e-37,U:23099_irnt:23106_irnt:48_irnt,Detected Network Pleiotropy,3.89893e-18
18:1859413:A:G,3.52817456501955e-24,U:21001_irnt:23099_irnt:23106_irnt:48_irnt,Detected Network Pleiotropy,1.53203e-09
18:1860227:C:T,1.0230149133584e-36,U:23099_irnt:23106_irnt:48_irnt,Detected Network Pleiotropy,3.47941e-18
18:1860310:A:G,8.30620605035164e-37,U:23099_irnt:23106_irnt:48_irnt,Detected Network Pleiotropy,2.87859e-18
18:1861762:C:T,9.92667446795434e-37,U:23099_irnt:23106_irnt:48_irnt,Detected Network Pleiotropy,3.45451e-18
18:1862211:G:A,8.88480834070775e-37,U:23099_irnt:23106_irnt:48_irnt,Detected Network Pleiotropy,2.77291e-18
18:1863940:A:G,7.00945364038839e-25,U:21001_irnt:23099_irnt:23106_irnt:48_irnt,Detected Network Pleiotropy,1.30925e-09
18:1865530:G:A,9.81698918548741e-37,U:23099_irnt:23106_irnt:48_irnt,Detected Network Pleiotropy,3.32444e-18
18:1867373:A:G,1.97710987440641e-24,U:21001_irnt:23099_irnt:23106_irnt:48_irnt,Detected Network Pleiotropy,1.49278e-09
18:1867478:A:G,2.6514815643098e-22,U:21001_irnt:23099_irnt:23106_irnt:48_irnt,Detected Network Pleiotropy,2.61935e-09
18:1868140:T:A,1.13592053209786e-36,U:23099_irnt:23106_irnt:48_irnt,Detected Network Pleiotropy,3.82991e-18
18:1868401:A:G,2.22282263611752e-20,U:21001_irnt:23099_irnt:23106_irnt:48_irnt,Detected Network Pleiotropy,4.19936e-09
18:1869102:G:A,3.49591949380075e-19,U:21001_irnt:23099_irnt:23106_irnt:48_irnt,Detected Network Pleiotropy,5.60276e-09
18:1870787:A:T,1.79587268826957e-36,U:23099_irnt:23106_irnt:48_irnt,Detected Network Pleiotropy,5.8247e-18
18:1871492:G:T,1.40855881180439e-22,U:21001_irnt:23099_irnt:23106_irnt:48_irnt,Detected Network Pleiotropy,2.41205e-09
18:1872064:G:A,1.62688376026292e-36,U:23099_irnt:23106_irnt:48_irnt,Detected Network Pleiotropy,7.84078e-18
18:1872292:C:T,1.88831688045551e-35,U:23099_irnt:23106_irnt:48_irnt:6138_1,Detected Network Pleiotropy,7.39217e-15
18:1872317:C:T,1.83519699491502e-35,U:23099_irnt:23106_irnt:48_irnt:6138_1,Detected Network Pleiotropy,7.36429e-15
18:1876528:T:C,2.11885683656474e-25,U:21001_irnt:23099_irnt:23106_irnt:48_irnt,Detected Network Pleiotropy,1.07562e-09
18:1876771:T:C,2.00863459493712e-24,U:21001_irnt:23099_irnt:23106_irnt:48_irnt,Detected Network Pleiotropy,1.36116e-09
18:1876895:A:G,1.95238642640137e-24,U:21001_irnt:23099_irnt:23106_irnt:48_irnt,Detected Network Pleiotropy,1.36897e-09
18:1877252:G:T,9.04398518720212e-25,U:21001_irnt:23099_irnt:23106_irnt:48_irnt,Detected Network Pleiotropy,1.25137e-09
18:1877394:C:T,1.20393349941185e-24,U:21001_irnt:23099_irnt:23106_irnt:48_irnt,Detected Network Pleiotropy,1.2816e-09
18:1877479:T:C,1.90468665408959e-24,U:21001_irnt:23099_irnt:23106_irnt:48_irnt,Detected Network Pleiotropy,1.35555e-09
18:1879659:C:T,6.14880077179266e-20,U:21001_irnt:23099_irnt:23106_irnt:48_irnt,Detected Network Pleiotropy,3.95358e-09
18:1879831:C:T,1.8205203785627e-23,U:21001_irnt:23099_irnt:23106_irnt:48_irnt,Detected Network Pleiotropy,1.92331e-09
18:1880289:G:A,1.02159198809076e-36,U:23099_irnt:23106_irnt:48_irnt,Detected Network Pleiotropy,9.20769e-18
18:1883404:T:A,7.62918752544193e-24,U:21001_irnt:23099_irnt:23106_irnt:48_irnt,Detected Network Pleiotropy,1.60071e-09
18:1883687:A:G,6.70058269315503e-21,U:21001_irnt:23099_irnt:23106_irnt:48_irnt,Detected Network Pleiotropy,3.35017e-09
18:1883692:T:C,7.20087437065771e-25,U:21001_irnt:23099_irnt:23106_irnt:48_irnt,Detected Network Pleiotropy,1.25726e-09
18:1883794:G:A,3.04605751769297e-24,U:21001_irnt:23099_irnt:23106_irnt:48_irnt,Detected Network Pleiotropy,1.42678e-09
18:1884003:G:A,8.37329441576632e-26,U:21001_irnt:23099_irnt:23106_irnt:48_irnt,Detected Network Pleiotropy,8.85697e-10
18:1884329:G:T,1.48168517547561e-36,U:23099_irnt:23106_irnt:48_irnt,Detected Network Pleiotropy,3.99881e-18
18:1884540:C:G,8.84893710586921e-25,U:21001_irnt:23099_irnt:23106_irnt:48_irnt,Detected Network Pleiotropy,1.29449e-09
18:1884686:A:G,1.86926310341632e-24,U:21001_irnt:23099_irnt:23106_irnt:48_irnt,Detected Network Pleiotropy,1.34293e-09
18:1886712:T:C,1.23585443558404e-19,U:21001_irnt:23099_irnt:48_irnt,Detected Network Pleiotropy,4.55409e-09
18:1887283:A:G,3.75433152247542e-19,U:21001_irnt:23099_irnt:48_irnt,Detected Network Pleiotropy,5.05477e-09
18:1887362:T:C,6.43539259965979e-15,V:21001_irnt,Suspected Vertical Pleiotropy,1.2619e-08
18:1888196:G:C,5.97756730655883e-19,U:21001_irnt:23099_irnt:48_irnt,Detected Network Pleiotropy,5.27582e-09
18:1888239:A:G,5.64145037704097e-19,U:21001_irnt:23099_irnt:48_irnt,Detected Network Pleiotropy,5.26401e-09
18:1888550:T:C,1.96436264074246e-37,U:23099_irnt:23106_irnt:48_irnt,Detected Network Pleiotropy,1.65197e-17
18:1889041:C:T,4.57461883135675e-21,U:21001_irnt:23099_irnt:23106_irnt:48_irnt,Detected Network Pleiotropy,3.55487e-09
18:1891138:G:A,2.43068384845894e-11,V:21001_irnt,Suspected Vertical Pleiotropy,2.51148e-08
18:1891260:A:G,1.94235914035301e-37,U:23099_irnt:23106_irnt:48_irnt,Detected Network Pleiotropy,1.83142e-17
18:1891364:G:A,7.58403514342793e-18,U:21001_irnt:23099_irnt:48_irnt,Detected Network Pleiotropy,6.71401e-09
18:1891378:G:A,4.48770054469268e-11,V:21001_irnt,Suspected Vertical Pleiotropy,2.63193e-08
18:1893284:G:A,5.20102752454021e-18,U:21001_irnt:23099_irnt:48_irnt,Detected Network Pleiotropy,6.41946e-09
18:1893914:T:A,1.35400082166587e-17,U:21001_irnt:23099_irnt:48_irnt,Detected Network Pleiotropy,7.25368e-09
18:1894728:G:A,7.09539066226724e-17,U:21001_irnt:23099_irnt:48_irnt,Detected Network Pleiotropy,8.0459e-09
18:1894783:A:G,1.84089224535858e-37,U:23099_irnt:23106_irnt:48_irnt,Detected Network Pleiotropy,1.7568e-17
18:1895588:A:G,1.07412465148065e-16,U:21001_irnt:23099_irnt:48_irnt,Detected Network Pleiotropy,8.55343e-09
18:1895905:A:G,1.03585577628045e-15,U:23099_irnt:48_irnt,Detected Network Pleiotropy,1.01356e-08
18:1896280:C:T,6.41998848980867e-15,V:21001_irnt,Suspected Vertical Pleiotropy,1.26218e-08
18:1897925:T:C,2.66040917743247e-14,V:21001_irnt,Suspected Vertical Pleiotropy,1.45065e-08
18:1898350:G:A,8.94808061653704e-15,V:21001_irnt,Suspected Vertical Pleiotropy,1.33454e-08
18:1898711:A:G,6.92535290727224e-15,V:21001_irnt,Suspected Vertical Pleiotropy,1.35919e-08
18:1899291:A:G,2.53700008079315e-13,V:21001_irnt,Suspected Vertical Pleiotropy,1.75231e-08
18:1899397:C:T,9.50728850230612e-14,V:21001_irnt,Suspected Vertical Pleiotropy,1.52494e-08
18:1899465:A:C,2.24282331653317e-13,V:21001_irnt,Suspected Vertical Pleiotropy,1.71755e-08
18:1899563:A:G,2.06548693674847e-13,V:21001_irnt,Suspected Vertical Pleiotropy,1.70367e-08
18:1899655:A:G,5.23824623538394e-14,V:21001_irnt,Suspected Vertical Pleiotropy,1.61337e-08
18:1900057:C:G,9.98721069355092e-14,V:21001_irnt,Suspected Vertical Pleiotropy,1.51183e-08
18:1900504:G:C,1.51223684300134e-14,V:21001_irnt,Suspected Vertical Pleiotropy,1.24016e-08
18:1901424:T:C,1.72957025596996e-14,V:21001_irnt,Suspected Vertical Pleiotropy,1.2455e-08
18:1901810:G:C,2.3705612103903e-14,V:21001_irnt,Suspected Vertical Pleiotropy,1.27112e-08
18:1901863:T:C,2.35416830348576e-14,V:21001_irnt,Suspected Vertical Pleiotropy,1.27041e-08
18:1902417:T:G,1.56314706011838e-14,V:21001_irnt,Suspected Vertical Pleiotropy,1.22938e-08
19:45392254:C:T,2.19579040360809e-15,V:48_irnt:21001_irnt:23099_irnt,Suspected Vertical Pleiotropy,9.38059e-10
19:45410002:G:A,6.05429546001588e-26,V:48_irnt,Suspected Vertical Pleiotropy,2.37472e-12
19:45411941:T:C,6.38624521778712e-33,U:20002_1065:23106_irnt:30700_irnt:V_MENTAL_BEHAV,Detected Network Pleiotropy,4.50352e-16
19:45415713:G:A,1.33000244188682e-28,U:23099_irnt:23106_irnt:30700_irnt:48_irnt,Detected Network Pleiotropy,3.75152e-13
19:45415935:G:T,9.00268578287024e-29,U:23099_irnt:23106_irnt:30700_irnt:48_irnt,Detected Network Pleiotropy,3.39058e-13
19:45421254:G:A,6.14596335016979e-14,V:48_irnt:21001_irnt:23099_irnt,Suspected Vertical Pleiotropy,2.01138e-09
19:45422160:C:G,5.94385923862182e-24,V:48_irnt:21001_irnt:23099_irnt,Suspected Vertical Pleiotropy,8.87944e-12
19:45422846:G:A,3.62574255284639e-24,V:48_irnt:21001_irnt:23099_irnt,Suspected Vertical Pleiotropy,7.34016e-12
19:45422946:A:G,4.61041010372239e-24,V:48_irnt:21001_irnt:23099_irnt,Suspected Vertical Pleiotropy,7.52343e-12
19:49227043:G:A,2.02090510687028e-13,V:884:1558,Suspected Vertical Pleiotropy,9.24458e-11
19:49227256:C:T,2.25865112706713e-13,V:884:1558,Suspected Vertical Pleiotropy,9.47027e-11
19:49227443:C:T,9.9548407090568e-13,V:884:1558,Suspected Vertical Pleiotropy,1.44844e-10
19:49228272:T:C,1.60648509722726e-12,V:884:1558,Suspected Vertical Pleiotropy,1.55609e-10
19:49229525:T:C,4.05884471753596e-13,V:884:1558,Suspected Vertical Pleiotropy,1.17974e-10
19:49232226:G:A,3.24471617218162e-13,V:884:1558,Suspected Vertical Pleiotropy,9.57566e-11
19:49233406:C:A,4.18873861829783e-10,V:884:1558,Suspected Vertical Pleiotropy,1.03063e-09
19:49234299:A:T,3.2812455724565e-10,V:884:1558,Suspected Vertical Pleiotropy,9.46625e-10
19:49236102:T:C,1.53224244413507e-10,V:884:1558,Suspected Vertical Pleiotropy,3.16241e-10
19:49237547:G:A,2.38110089022063e-10,V:884:1558,Suspected Vertical Pleiotropy,8.34705e-10
19:49237552:A:C,1.97253785758713e-10,V:884:1558,Suspected Vertical Pleiotropy,7.95545e-10
19:49239026:T:C,4.97829306551644e-16,V:884:1558,Suspected Vertical Pleiotropy,9.79377e-12
19:49239200:G:A,1.48799996800897e-15,V:884:1558,Suspected Vertical Pleiotropy,1.68622e-11
19:49241400:C:T,3.92964154349696e-11,V:884:1558,Suspected Vertical Pleiotropy,1.04355e-09
19:49241976:A:G,6.53393024056528e-16,V:884:1558,Suspected Vertical Pleiotropy,1.10637e-11
19:49244219:C:A,1.8207694044331e-11,V:884:1558,Suspected Vertical Pleiotropy,8.86563e-10
19:49244220:G:A,2.35033536277134e-11,V:884:1558,Suspected Vertical Pleiotropy,9.62093e-10
19:49246866:A:G,6.57230688960413e-16,V:884:1558,Suspected Vertical Pleiotropy,1.1289e-11
19:49247086:A:G,1.32517854352672e-11,V:884:1558,Suspected Vertical Pleiotropy,7.57252e-10
19:49247124:T:G,1.27313056506415e-11,V:884:1558,Suspected Vertical Pleiotropy,7.46403e-10
19:49247601:C:T,1.64183880100561e-11,V:884:1558,Suspected Vertical Pleiotropy,7.97345e-10
19:49247693:C:T,1.57389006011501e-11,V:884:1558,Suspected Vertical Pleiotropy,7.88557e-10
19:49247786:G:A,1.61685569060689e-11,V:884:1558,Suspected Vertical Pleiotropy,7.93845e-10
19:49247900:G:A,1.38515201969476e-11,V:884:1558,Suspected Vertical Pleiotropy,7.63498e-10
19:49247963:G:T,1.30647788837151e-11,V:884:1558,Suspected Vertical Pleiotropy,7.54937e-10
19:49248022:A:C,1.2962621803425e-11,V:884:1558,Suspected Vertical Pleiotropy,7.61179e-10
19:49248120:A:G,1.89195802897392e-11,V:884:1558,Suspected Vertical Pleiotropy,8.42184e-10
19:49248255:G:A,1.4933704974514e-11,V:884:1558,Suspected Vertical Pleiotropy,7.82237e-10
19:49248295:G:A,1.65949533878176e-11,V:884:1558,Suspected Vertical Pleiotropy,8.09175e-10
19:49248331:G:A,1.04373078735155e-11,V:884:1558,Suspected Vertical Pleiotropy,6.9243e-10
19:49248640:A:G,1.18115323510485e-11,V:884:1558,Suspected Vertical Pleiotropy,7.26418e-10
19:49249443:A:T,7.70689303603205e-12,V:884:1558,Suspected Vertical Pleiotropy,6.76598e-10
19:49249795:C:T,3.50964782355307e-12,V:884:1558,Suspected Vertical Pleiotropy,4.90657e-10
19:49249814:C:A,3.16873334559041e-12,V:884:1558,Suspected Vertical Pleiotropy,4.72875e-10
19:49249888:G:A,3.74034407097547e-12,V:884:1558,Suspected Vertical Pleiotropy,4.90381e-10
19:49250197:T:C,4.22800436176019e-15,V:884:1558,Suspected Vertical Pleiotropy,3.5204e-11
19:49250239:C:T,2.18862641552819e-16,V:884:1558,Suspected Vertical Pleiotropy,6.75171e-12
19:49250538:A:G,4.31307383466424e-15,V:884:1558,Suspected Vertical Pleiotropy,3.52691e-11
19:49250633:G:A,3.54570417465682e-12,V:884:1558,Suspected Vertical Pleiotropy,4.81896e-10
19:49250657:C:G,2.57983472222342e-15,V:884:1558,Suspected Vertical Pleiotropy,2.4853e-11
19:49273213:T:C,1.28853457561047e-18,U:20002_1065:21001_irnt:2178:23099_irnt:23106_irnt:30080_irnt:3062_irnt:30650_irnt:30710_irnt:30730_irnt:30740_irnt:30770_irnt:4079_irnt:48_irnt:6138_1:30880_irnt,Detected Network Pleiotropy,6.0518e-14
2:60143175:C:T,9.16673985877851e-11,V:884,Suspected Vertical Pleiotropy,4.61823e-09
2:60171757:G:A,1.3017375673205e-11,V:884,Suspected Vertical Pleiotropy,4.53678e-09
3:25081857:G:A,4.01422636926311e-31,V:21001_irnt,Suspected Vertical Pleiotropy,4.73689e-12
3:25086328:A:C,7.60347861545441e-26,V:21001_irnt,Suspected Vertical Pleiotropy,4.78457e-11
3:25097736:A:G,2.49501197582006e-29,U:21001_irnt:23099_irnt:23106_irnt:48_irnt,Detected Network Pleiotropy,2.49384e-12
3:25099776:T:C,1.27533136329788e-31,U:23099_irnt:23106_irnt:48_irnt:50_irnt,Detected Network Pleiotropy,2.80033e-13
3:25105288:T:A,1.82875597691034e-29,U:21001_irnt:23099_irnt:23106_irnt:48_irnt,Detected Network Pleiotropy,2.34189e-12
3:25106437:A:G,1.39455490018263e-32,U:23099_irnt:23106_irnt:48_irnt:50_irnt,Detected Network Pleiotropy,1.93964e-13
3:25107866:A:G,1.22538682628732e-31,U:23099_irnt:23106_irnt:48_irnt:50_irnt,Detected Network Pleiotropy,4.75879e-13
3:25108179:T:A,4.0126849202477e-30,U:21001_irnt:23099_irnt:23106_irnt:48_irnt,Detected Network Pleiotropy,1.3221e-12
3:25108236:C:A,1.21495599334138e-29,U:21001_irnt:23099_irnt:23106_irnt:48_irnt,Detected Network Pleiotropy,1.96299e-12
3:25110415:T:A,8.70474160731248e-36,U:23099_irnt:23106_irnt:48_irnt:50_irnt,Detected Network Pleiotropy,7.08502e-15
3:25116582:A:G,3.2184657073552e-34,U:21001_irnt:23099_irnt:23106_irnt:48_irnt:50_irnt,Detected Network Pleiotropy,7.9499e-15
3:25118637:A:C,3.64218938623807e-33,U:23099_irnt:23106_irnt:48_irnt:50_irnt,Detected Network Pleiotropy,6.88074e-14
3:25121444:T:C,1.54900280911356e-33,U:23099_irnt:23106_irnt:48_irnt:50_irnt,Detected Network Pleiotropy,6.79872e-14
3:25154268:A:C,6.28100452967957e-11,V:20023_irnt,Suspected Vertical Pleiotropy,5.51091e-09
3:25290905:G:A,3.45546669082156e-11,U:21001_irnt:23099_irnt:3062_irnt:48_irnt,Detected Network Pleiotropy,2.74467e-09
3:25305522:C:T,1.17177123774683e-10,V:20023_irnt,Suspected Vertical Pleiotropy,2.02036e-09
3:25306974:A:G,3.07750601830344e-10,V:20023_irnt,Suspected Vertical Pleiotropy,2.59649e-09
3:25309054:A:G,4.89281429454342e-11,U:21001_irnt:23099_irnt:48_irnt,Detected Network Pleiotropy,1.92772e-09
3:25309997:G:C,1.02157694761603e-10,U:21001_irnt:23099_irnt:48_irnt,Detected Network Pleiotropy,2.10252e-09
3:25310339:T:C,2.80593192372909e-10,V:20023_irnt,Suspected Vertical Pleiotropy,2.48566e-09
3:35731993:C:T,3.69450523159842e-12,V:48_irnt:21001_irnt:23099_irnt,Suspected Vertical Pleiotropy,2.12596e-08
3:35733264:T:C,1.42475155440592e-11,V:48_irnt:21001_irnt:23099_irnt,Suspected Vertical Pleiotropy,2.35976e-08
3:35734231:C:T,2.82411219426347e-12,V:48_irnt:21001_irnt:23099_irnt,Suspected Vertical Pleiotropy,2.84557e-08
3:35735596:C:T,1.69946421513481e-12,V:48_irnt:21001_irnt:23099_irnt,Suspected Vertical Pleiotropy,2.68306e-08
3:35739575:C:T,1.01209738561637e-12,V:48_irnt:21001_irnt:23099_irnt,Suspected Vertical Pleiotropy,2.62188e-08
3:35759572:C:T,2.6780205671429e-10,V:48_irnt:21001_irnt:23099_irnt,Suspected Vertical Pleiotropy,3.83204e-08
3:35767036:C:T,1.29368260018377e-10,V:48_irnt:21001_irnt:23099_irnt,Suspected Vertical Pleiotropy,3.55767e-08
3:35767406:C:G,1.11293207570302e-10,V:48_irnt:21001_irnt,Suspected Vertical Pleiotropy,3.56956e-08
3:35768081:T:C,3.02981640640116e-10,V:48_irnt:21001_irnt:23099_irnt,Suspected Vertical Pleiotropy,3.80152e-08
3:35771773:C:G,7.14815139419084e-10,V:48_irnt:21001_irnt:23099_irnt,Suspected Vertical Pleiotropy,4.02951e-08
3:35773608:C:G,4.44150061751564e-10,V:48_irnt:21001_irnt,Suspected Vertical Pleiotropy,3.85547e-08
3:35775115:T:A,2.36064069960527e-13,V:48_irnt:21001_irnt,Suspected Vertical Pleiotropy,1.84543e-08
3:35776316:C:G,7.7520822834499e-10,V:48_irnt:21001_irnt:23099_irnt,Suspected Vertical Pleiotropy,4.01102e-08
3:35777068:T:G,1.05665946616101e-10,V:48_irnt:21001_irnt,Suspected Vertical Pleiotropy,3.49626e-08
3:35777429:C:T,2.53160560483319e-11,V:48_irnt:21001_irnt,Suspected Vertical Pleiotropy,3.18612e-08
5:87456831:G:C,6.96072889424987e-25,U:21001_irnt:23099_irnt:48_irnt:6138_1,Detected Network Pleiotropy,1.39557e-11
5:87457441:A:G,1.13613113670865e-24,U:21001_irnt:23099_irnt:48_irnt:6138_1,Detected Network Pleiotropy,1.73306e-11
5:87457822:T:C,1.15615450290378e-24,U:21001_irnt:23099_irnt:48_irnt:6138_1,Detected Network Pleiotropy,1.73189e-11
5:87457922:G:T,6.59733040869827e-25,U:21001_irnt:23099_irnt:48_irnt:6138_1,Detected Network Pleiotropy,1.36256e-11
5:87458278:A:G,1.42591889467281e-24,U:21001_irnt:23099_irnt:48_irnt:6138_1,Detected Network Pleiotropy,1.84625e-11
5:87461841:T:A,6.65008481377719e-25,U:21001_irnt:23099_irnt:48_irnt:6138_1,Detected Network Pleiotropy,1.36697e-11
5:87464783:T:C,NA,No_supp_info,No supplementary info,6.58436e-12
5:87466943:C:T,1.17010997380005e-24,U:21001_irnt:23099_irnt:48_irnt:6138_1,Detected Network Pleiotropy,1.74076e-11
5:87469663:T:C,1.42504128625209e-24,U:21001_irnt:23099_irnt:48_irnt:6138_1,Detected Network Pleiotropy,1.42713e-11
5:87470240:G:T,3.7101561994026e-24,U:21001_irnt:23099_irnt:48_irnt:6138_1,Detected Network Pleiotropy,1.88046e-11
5:87472212:C:T,7.47699515532787e-25,U:21001_irnt:23099_irnt:48_irnt:6138_1,Detected Network Pleiotropy,1.59937e-11
5:87476402:A:T,1.1727760046186e-24,U:21001_irnt:23099_irnt:48_irnt:6138_1,Detected Network Pleiotropy,1.97136e-11
5:87476940:T:C,1.17400967904656e-24,U:21001_irnt:23099_irnt:48_irnt:6138_1,Detected Network Pleiotropy,1.74486e-11
5:87479906:A:G,1.73891807232254e-24,U:21001_irnt:23099_irnt:48_irnt:6138_1,Detected Network Pleiotropy,2.09352e-11
5:87485064:A:G,1.73401926178652e-24,U:21001_irnt:23099_irnt:48_irnt:6138_1,Detected Network Pleiotropy,2.09461e-11
5:87485145:T:C,1.33703550587926e-24,U:21001_irnt:23099_irnt:48_irnt:6138_1,Detected Network Pleiotropy,2.03181e-11
5:87487318:C:T,1.75488566614336e-24,U:21001_irnt:23099_irnt:48_irnt:6138_1,Detected Network Pleiotropy,2.09895e-11
5:87489270:G:A,1.09300698779695e-24,U:21001_irnt:23099_irnt:48_irnt:6138_1,Detected Network Pleiotropy,1.93444e-11
5:87492891:T:C,1.32965365032877e-24,U:21001_irnt:23099_irnt:48_irnt:6138_1,Detected Network Pleiotropy,2.0284e-11
5:87494315:G:C,1.48287921072807e-24,U:21001_irnt:23099_irnt:48_irnt:6138_1,Detected Network Pleiotropy,2.07285e-11
5:87495504:G:A,1.6667356735175e-24,U:21001_irnt:23099_irnt:48_irnt:6138_1,Detected Network Pleiotropy,1.96986e-11
5:87501223:G:A,1.29572490899273e-24,U:21001_irnt:23099_irnt:48_irnt:6138_1,Detected Network Pleiotropy,2.13614e-11
5:87503631:T:C,1.45234678617137e-24,U:21001_irnt:23099_irnt:48_irnt:6138_1,Detected Network Pleiotropy,2.02534e-11
5:87504483:G:A,1.4382793603197e-24,U:21001_irnt:23099_irnt:48_irnt:6138_1,Detected Network Pleiotropy,2.02026e-11
5:87506937:G:T,2.11356283671558e-24,U:21001_irnt:23099_irnt:48_irnt:6138_1,Detected Network Pleiotropy,2.29993e-11
5:87507052:G:A,2.7437092085776e-24,U:21001_irnt:23099_irnt:48_irnt:6138_1,Detected Network Pleiotropy,2.45739e-11
5:87507067:C:T,2.73221352882705e-24,U:21001_irnt:23099_irnt:48_irnt:6138_1,Detected Network Pleiotropy,2.45739e-11
5:87510854:C:A,1.92918240444293e-23,U:21001_irnt:23099_irnt:48_irnt:6138_1,Detected Network Pleiotropy,4.09126e-11
6:50782047:A:C,1.19929995761344e-11,No_supp_info,No supplementary info,4.67733e-09
6:50818239:T:C,6.82879810988104e-22,V:884,Suspected Vertical Pleiotropy,3.46681e-10
6:51175486:T:C,1.96968118584004e-12,V:48_irnt:21001_irnt:884,Suspected Vertical Pleiotropy,1.30697e-08
6:51177811:A:G,1.11599972936116e-25,V:21001_irnt:884,Suspected Vertical Pleiotropy,3.4493e-10
6:51179260:C:A,1.8673508756711e-23,V:21001_irnt:884,Suspected Vertical Pleiotropy,7.99215e-10
6:51180392:T:C,2.27970025819452e-30,V:884,Suspected Vertical Pleiotropy,1.73298e-13
6:51180765:G:A,8.4107086731646e-22,V:21001_irnt:884,Suspected Vertical Pleiotropy,1.79719e-09
6:51184712:C:T,1.91666166770529e-23,V:21001_irnt:884,Suspected Vertical Pleiotropy,7.09094e-10
6:51186890:T:G,2.7467737023828e-30,U:21001_irnt:23099_irnt:23106_irnt:48_irnt,Detected Network Pleiotropy,1.65624e-13
6:51187787:C:G,6.46000740240429e-34,V:884,Suspected Vertical Pleiotropy,9.19797e-15
6:51187927:C:T,2.11951809453553e-30,U:21001_irnt:23099_irnt:23106_irnt:48_irnt,Detected Network Pleiotropy,1.58051e-13
6:51188050:T:C,1.59447439942498e-22,V:884,Suspected Vertical Pleiotropy,6.10766e-10
6:51189632:C:T,3.19245526186375e-30,V:884,Suspected Vertical Pleiotropy,2.04727e-13
6:51191737:T:C,3.66521698245674e-30,V:884,Suspected Vertical Pleiotropy,1.63639e-13
6:51193953:C:T,2.19365756434411e-22,V:884,Suspected Vertical Pleiotropy,6.32873e-10
6:51200438:G:A,5.78632026964139e-30,V:884,Suspected Vertical Pleiotropy,1.56051e-13
6:51205577:C:A,7.42318833923261e-34,V:884,Suspected Vertical Pleiotropy,7.98169e-15
6:51209705:T:C,3.43231505081321e-22,U:21001_irnt:23099_irnt:23106_irnt:48_irnt,Detected Network Pleiotropy,6.56134e-10
6:51212685:C:A,1.08350377391938e-29,V:884,Suspected Vertical Pleiotropy,1.92219e-13
6:51214271:T:C,1.28221517138731e-21,V:884,Suspected Vertical Pleiotropy,7.5564e-10
6:51216136:A:G,5.32099212318175e-22,V:884,Suspected Vertical Pleiotropy,6.72586e-10
6:51221999:A:T,7.19269514927221e-27,V:884,Suspected Vertical Pleiotropy,6.24591e-11
6:51222894:A:G,4.28100206893942e-22,V:884,Suspected Vertical Pleiotropy,6.49402e-10
6:51226636:C:T,1.41918176546697e-22,V:884,Suspected Vertical Pleiotropy,5.59587e-10
6:51226900:G:T,3.14227376056791e-34,V:884,Suspected Vertical Pleiotropy,5.65612e-15
6:51228395:G:A,1.30857732757542e-34,V:884,Suspected Vertical Pleiotropy,4.18281e-15
6:51228899:A:G,1.02205363677053e-29,V:884,Suspected Vertical Pleiotropy,1.90731e-13
6:51230533:A:G,1.19258812934589e-34,V:884,Suspected Vertical Pleiotropy,4.03045e-15
6:51230788:T:C,4.83166915234384e-27,V:884,Suspected Vertical Pleiotropy,4.86694e-11
6:51232118:G:A,1.29092252082025e-34,V:884,Suspected Vertical Pleiotropy,4.19957e-15
6:51232518:G:A,3.91225642102112e-27,V:884,Suspected Vertical Pleiotropy,4.37808e-11
6:51232540:C:G,3.92275301611314e-27,V:884,Suspected Vertical Pleiotropy,4.37776e-11
6:51234195:G:A,4.87611617758271e-27,V:884,Suspected Vertical Pleiotropy,4.7806e-11
6:51234332:T:C,4.04544545751127e-27,V:884,Suspected Vertical Pleiotropy,4.41193e-11
6:51234714:A:G,4.50703003098307e-27,V:884,Suspected Vertical Pleiotropy,4.67338e-11
6:51235100:C:G,5.47869737442971e-30,V:884,Suspected Vertical Pleiotropy,1.38095e-13
6:51236255:T:A,3.11087032221079e-27,V:884,Suspected Vertical Pleiotropy,4.1116e-11
6:51236282:C:T,6.92090119644052e-24,V:884,Suspected Vertical Pleiotropy,1.17359e-10
6:51236332:C:T,4.04987496859055e-27,V:884,Suspected Vertical Pleiotropy,4.61335e-11
6:51236489:G:A,1.52575490686609e-34,V:884,Suspected Vertical Pleiotropy,4.41673e-15
6:51237057:G:A,3.93892905519407e-27,V:884,Suspected Vertical Pleiotropy,4.51283e-11
6:51237182:T:C,3.26786560748525e-27,V:884,Suspected Vertical Pleiotropy,4.21537e-11
6:51238698:G:A,3.18307845981637e-27,V:884,Suspected Vertical Pleiotropy,4.13841e-11
6:51238724:G:A,3.1796602239926e-27,V:884,Suspected Vertical Pleiotropy,4.14361e-11
6:51239636:T:C,2.03761583015174e-26,V:21001_irnt:884,Suspected Vertical Pleiotropy,1.2309e-10
6:51240695:A:C,7.08060704092445e-26,V:21001_irnt:884,Suspected Vertical Pleiotropy,2.02325e-10
6:51241141:A:G,6.89580526037803e-34,V:884,Suspected Vertical Pleiotropy,7.42074e-15
6:51241870:A:C,8.58767311715023e-20,V:884,Suspected Vertical Pleiotropy,2.07783e-09
6:51246947:A:G,9.60482475368423e-35,V:884,Suspected Vertical Pleiotropy,3.84982e-15
6:51248024:C:G,8.18573824377423e-35,V:884,Suspected Vertical Pleiotropy,3.52595e-15
6:51248219:C:A,7.4464730292889e-30,V:884,Suspected Vertical Pleiotropy,1.80618e-13
6:51248309:T:C,2.18105993052695e-27,V:884,Suspected Vertical Pleiotropy,3.30685e-11
6:51248952:G:T,2.30840567201669e-27,V:884,Suspected Vertical Pleiotropy,3.39157e-11
6:51249691:G:A,2.2676695841346e-27,V:884,Suspected Vertical Pleiotropy,3.35167e-11
6:51254552:C:A,5.49355846621099e-26,V:21001_irnt:884,Suspected Vertical Pleiotropy,2.00043e-10
6:51255582:A:G,7.04514562120251e-26,V:21001_irnt:884,Suspected Vertical Pleiotropy,2.19232e-10
6:51257544:T:G,1.92890245468013e-19,V:884,Suspected Vertical Pleiotropy,2.1961e-09
6:51257982:T:C,6.35193596672379e-26,V:21001_irnt:884,Suspected Vertical Pleiotropy,2.22347e-10
6:51258308:C:T,8.621066351114e-30,V:884,Suspected Vertical Pleiotropy,1.79387e-13
6:51258579:T:C,6.48063560281047e-35,V:884,Suspected Vertical Pleiotropy,3.1196e-15
6:51261049:T:A,6.44016186053336e-26,V:21001_irnt:884,Suspected Vertical Pleiotropy,2.248e-10
6:51261134:C:T,1.23933736529041e-25,V:21001_irnt:884,Suspected Vertical Pleiotropy,2.58629e-10
6:51262132:A:G,5.71385306149001e-26,V:21001_irnt:884,Suspected Vertical Pleiotropy,2.14456e-10
6:51262936:G:T,5.37821186131761e-26,V:21001_irnt:884,Suspected Vertical Pleiotropy,2.10333e-10
6:51263253:C:A,2.64066311903044e-22,V:21001_irnt:884,Suspected Vertical Pleiotropy,1.63228e-09
6:51264082:A:G,3.45427166893043e-25,V:21001_irnt:884,Suspected Vertical Pleiotropy,1.26672e-10
6:51266422:T:C,8.04304680153345e-30,V:884,Suspected Vertical Pleiotropy,9.37544e-12
6:51267241:A:G,1.17276998453481e-25,V:21001_irnt:884,Suspected Vertical Pleiotropy,2.75067e-10
6:51267939:T:C,1.04136624941439e-25,V:21001_irnt:884,Suspected Vertical Pleiotropy,2.5411e-10
6:51268218:C:T,8.61941501601831e-26,V:21001_irnt:884,Suspected Vertical Pleiotropy,2.42561e-10
6:51276882:G:A,3.78177140277233e-25,V:21001_irnt:884,Suspected Vertical Pleiotropy,3.77137e-10
6:51283110:A:G,8.6463740555492e-30,V:884,Suspected Vertical Pleiotropy,1.07876e-11
6:51287661:C:T,6.23019594798574e-11,V:884,Suspected Vertical Pleiotropy,1.54464e-08
6:51288539:A:G,1.0987321916999e-29,V:884,Suspected Vertical Pleiotropy,1.17917e-11
6:51288980:T:C,1.09990270520812e-29,V:884,Suspected Vertical Pleiotropy,1.18008e-11
6:51292346:C:A,5.70674495069602e-20,V:884,Suspected Vertical Pleiotropy,2.90215e-10
6:51294341:T:G,2.86074554447492e-16,V:884,Suspected Vertical Pleiotropy,5.27209e-10
6:51295164:C:G,1.93623479055148e-16,V:884,Suspected Vertical Pleiotropy,4.98734e-10
6:51295263:T:C,2.06192232374767e-16,V:884,Suspected Vertical Pleiotropy,4.9336e-10
6:51298268:C:T,4.65861423034165e-20,V:884,Suspected Vertical Pleiotropy,2.7878e-10
6:51298497:C:T,7.53544430849092e-30,V:884,Suspected Vertical Pleiotropy,1.5784e-11
6:51299708:A:T,4.79813040603409e-14,V:884,Suspected Vertical Pleiotropy,8.41181e-10
6:51301830:A:T,5.25510203392027e-13,V:884,Suspected Vertical Pleiotropy,1.19192e-09
6:51302464:G:C,1.49869706395868e-18,V:884,Suspected Vertical Pleiotropy,5.33582e-10
6:51302471:T:G,3.16241270544708e-18,V:884,Suspected Vertical Pleiotropy,5.73826e-10
6:51302590:A:C,2.15833964652906e-23,V:884,Suspected Vertical Pleiotropy,4.89464e-11
6:51302901:A:G,3.79544770296548e-28,V:884,Suspected Vertical Pleiotropy,7.35599e-11
6:51303840:G:A,4.42822823083116e-13,V:884,Suspected Vertical Pleiotropy,1.15077e-09
6:51304435:A:G,2.4974638987833e-19,V:884,Suspected Vertical Pleiotropy,3.7835e-10
6:51304675:T:C,2.14575857685349e-23,V:884,Suspected Vertical Pleiotropy,4.9056e-11
6:51310615:G:A,6.97771370970681e-24,V:884,Suspected Vertical Pleiotropy,3.68353e-11
6:51311275:A:G,7.69698829479336e-19,V:884,Suspected Vertical Pleiotropy,5.16911e-10
6:51316546:T:C,1.74669380299965e-24,V:884,Suspected Vertical Pleiotropy,1.67626e-11
6:51317602:A:G,1.89672226239927e-24,V:884,Suspected Vertical Pleiotropy,1.73022e-11
6:51320381:C:G,1.02572045285031e-20,V:884,Suspected Vertical Pleiotropy,1.64847e-10
6:51336288:C:T,4.31543376892361e-22,V:884,Suspected Vertical Pleiotropy,8.55775e-11
6:51339421:A:C,3.17230740000915e-24,V:884,Suspected Vertical Pleiotropy,1.07557e-11
6:51512707:T:C,4.23619270234994e-17,V:884,Suspected Vertical Pleiotropy,8.24109e-10
6:98237598:T:C,1.2655670808299e-25,V:20023_irnt:884:1558,Suspected Vertical Pleiotropy,1.55343e-10
6:98243389:T:G,1.92686264651873e-24,V:884:1558,Suspected Vertical Pleiotropy,1.38567e-10
6:98256949:G:T,9.98498028026539e-29,V:884:1558,Suspected Vertical Pleiotropy,7.44977e-13
6:98259776:A:G,9.89212013074576e-29,V:884:1558,Suspected Vertical Pleiotropy,7.52255e-13
6:98263613:G:A,9.88121697380989e-29,V:884:1558,Suspected Vertical Pleiotropy,8.1074e-13
6:98266586:A:G,2.8876317633056e-29,V:884:1558,Suspected Vertical Pleiotropy,2.46393e-13
6:98271019:T:C,9.9902586530221e-29,V:884:1558,Suspected Vertical Pleiotropy,9.36762e-13
6:98274551:G:A,9.07318745607103e-29,V:884:1558,Suspected Vertical Pleiotropy,8.21352e-13
6:98274701:G:A,1.58671190117776e-28,V:884:1558,Suspected Vertical Pleiotropy,2.45503e-12
6:98276688:A:G,3.23458483165046e-29,V:884:1558,Suspected Vertical Pleiotropy,3.09034e-13
6:98278033:A:G,7.95906228961152e-29,V:884:1558,Suspected Vertical Pleiotropy,7.72239e-13
6:98280184:A:T,3.03152060101732e-29,V:884:1558,Suspected Vertical Pleiotropy,3.0135e-13
6:98282773:C:T,2.95162343134368e-29,V:884:1558,Suspected Vertical Pleiotropy,2.92839e-13
6:98283371:A:G,3.0904289319826e-29,V:884:1558,Suspected Vertical Pleiotropy,3.07472e-13
6:98283960:A:C,2.77867099341556e-29,V:884:1558,Suspected Vertical Pleiotropy,2.95483e-13
6:98284050:T:G,1.14337976100233e-29,V:884:1558,Suspected Vertical Pleiotropy,9.56305e-14
6:98285098:A:C,2.44119610598251e-29,V:884:1558,Suspected Vertical Pleiotropy,2.30125e-13
6:98286151:G:T,1.07914289059194e-29,V:884:1558,Suspected Vertical Pleiotropy,9.38546e-14
6:98286626:C:T,2.98726323185767e-29,V:884:1558,Suspected Vertical Pleiotropy,2.96649e-13
6:98287329:G:A,1.07218437437666e-29,V:884:1558,Suspected Vertical Pleiotropy,9.45397e-14
6:98293830:C:T,1.09665608131082e-29,V:884:1558,Suspected Vertical Pleiotropy,9.11881e-14
6:98310291:T:G,7.88258649680253e-36,V:884,Suspected Vertical Pleiotropy,2.24919e-17
6:98310484:C:T,6.33368789038677e-36,V:884,Suspected Vertical Pleiotropy,9.91787e-18
6:98310571:G:A,6.45612536480188e-36,V:884,Suspected Vertical Pleiotropy,1.09829e-17
6:98311875:G:C,1.72526729016586e-28,V:884:1558,Suspected Vertical Pleiotropy,6.90755e-14
6:98312143:T:G,9.21091690892706e-36,V:884,Suspected Vertical Pleiotropy,1.57014e-17
6:98312172:C:T,1.90997706745055e-28,V:884:1558,Suspected Vertical Pleiotropy,7.22958e-14
6:98313181:T:C,2.46859126221217e-28,V:884:1558,Suspected Vertical Pleiotropy,7.72243e-14
6:98313223:C:G,6.18372252810734e-36,V:884,Suspected Vertical Pleiotropy,1.04313e-17
6:98313975:T:C,4.15241033117152e-28,V:884:1558,Suspected Vertical Pleiotropy,1.169e-13
6:98314912:A:G,1.48181152755051e-35,V:884,Suspected Vertical Pleiotropy,1.77031e-17
6:98315696:C:T,3.2960672206563e-28,V:884:1558,Suspected Vertical Pleiotropy,1.00736e-13
6:98316447:C:T,1.14165275998728e-35,V:884,Suspected Vertical Pleiotropy,1.81525e-17
6:98317476:A:G,3.01084329210811e-28,V:884:1558,Suspected Vertical Pleiotropy,1.08124e-13
6:98319621:T:A,3.3465945949101e-28,V:884:1558,Suspected Vertical Pleiotropy,1.13698e-13
6:98320402:C:T,3.49926407692632e-28,V:884:1558,Suspected Vertical Pleiotropy,1.07432e-13
6:98322282:T:C,1.31085733997404e-35,V:884,Suspected Vertical Pleiotropy,2.24748e-17
6:98322436:T:C,3.04106250635691e-28,V:884:1558,Suspected Vertical Pleiotropy,1.10576e-13
6:98322872:G:A,1.5515340701747e-34,V:884,Suspected Vertical Pleiotropy,1.16903e-16
6:98324132:C:T,1.20724269569599e-35,V:884,Suspected Vertical Pleiotropy,2.14159e-17
6:98324943:C:A,1.22739012193698e-35,V:884,Suspected Vertical Pleiotropy,2.16538e-17
6:98325000:C:A,1.22400385687878e-35,V:884,Suspected Vertical Pleiotropy,2.1627e-17
6:98325541:A:G,1.25900387532185e-35,V:884,Suspected Vertical Pleiotropy,2.24666e-17
6:98325884:G:A,1.19176051021597e-35,V:884,Suspected Vertical Pleiotropy,2.24849e-17
6:98325888:C:T,2.76740362364966e-28,V:884:1558,Suspected Vertical Pleiotropy,1.13282e-13
6:98326007:C:T,2.71404681143658e-28,V:884:1558,Suspected Vertical Pleiotropy,1.13503e-13
6:98326012:A:G,1.18348789966919e-35,V:884,Suspected Vertical Pleiotropy,2.24666e-17
6:98326080:G:C,1.30851801987392e-35,V:884,Suspected Vertical Pleiotropy,2.24243e-17
6:98326863:G:A,1.19227436157218e-35,V:884,Suspected Vertical Pleiotropy,2.12451e-17
6:98327350:T:G,3.06738813800328e-28,V:884:1558,Suspected Vertical Pleiotropy,1.13182e-13
6:98328077:C:T,2.46739012956017e-28,V:884:1558,Suspected Vertical Pleiotropy,9.84952e-14
6:98329165:G:A,1.21825711479368e-35,V:884,Suspected Vertical Pleiotropy,2.08897e-17
6:98329264:G:C,1.56900841703059e-35,V:884,Suspected Vertical Pleiotropy,2.14385e-17
6:98330025:G:A,1.43076057830617e-35,V:884,Suspected Vertical Pleiotropy,2.17665e-17
6:98330225:G:A,1.40936082876412e-35,V:884,Suspected Vertical Pleiotropy,2.18925e-17
6:98330626:C:T,1.43493852592216e-35,V:884,Suspected Vertical Pleiotropy,2.24814e-17
6:98331085:C:G,1.42482232904361e-35,V:884,Suspected Vertical Pleiotropy,2.19563e-17
6:98331133:T:C,NA,No_supp_info,No supplementary info,2.18921e-17
6:98331316:A:G,1.43595688485029e-35,V:884,Suspected Vertical Pleiotropy,2.1563e-17
6:98331357:A:G,1.42983788304365e-35,V:884,Suspected Vertical Pleiotropy,2.17851e-17
6:98331937:A:C,1.35381605417397e-35,V:884,Suspected Vertical Pleiotropy,2.08358e-17
6:98332567:G:A,1.37630321910743e-35,V:884,Suspected Vertical Pleiotropy,2.14377e-17
6:98332622:C:T,1.37204351942823e-35,V:884,Suspected Vertical Pleiotropy,2.14507e-17
6:98332930:A:G,1.35333031304745e-35,V:884,Suspected Vertical Pleiotropy,2.17517e-17
6:98333409:G:A,9.4991140071248e-36,V:884,Suspected Vertical Pleiotropy,1.67533e-17
6:98337903:A:G,1.23589854422422e-33,V:884,Suspected Vertical Pleiotropy,5.92547e-16
6:98338459:A:T,1.84413820062334e-28,V:884:1558,Suspected Vertical Pleiotropy,9.03683e-14
6:98340994:A:T,2.2530097619513e-28,V:884:1558,Suspected Vertical Pleiotropy,9.60075e-14
6:98344031:G:A,1.07770224888436e-30,V:23099_irnt:884:1558,Suspected Vertical Pleiotropy,6.30997e-14
6:98346633:T:C,1.16372142817858e-16,V:20023_irnt:884:1558,Suspected Vertical Pleiotropy,2.68189e-09
6:98346704:T:A,1.29349940859633e-16,V:20023_irnt:884:1558,Suspected Vertical Pleiotropy,2.81656e-09
6:98346801:A:G,1.43857218132643e-19,V:20023_irnt:884:1558,Suspected Vertical Pleiotropy,5.03052e-10
6:98348985:A:C,4.41070927959164e-18,V:20023_irnt:884:1558,Suspected Vertical Pleiotropy,1.26704e-09
6:98349364:T:C,1.4031990852322e-14,V:20023_irnt:884:1558,Suspected Vertical Pleiotropy,5.14896e-09
6:98349496:A:G,4.01928873111269e-18,V:20023_irnt:884:1558,Suspected Vertical Pleiotropy,1.24729e-09
6:98349530:T:G,4.84213903077738e-18,V:20023_irnt:884:1558,Suspected Vertical Pleiotropy,1.33197e-09
6:98350319:A:C,5.12705444144554e-18,V:20023_irnt:884:1558,Suspected Vertical Pleiotropy,1.31252e-09
6:98351457:C:T,5.28211674571591e-18,V:20023_irnt:884:1558,Suspected Vertical Pleiotropy,1.3629e-09
6:98353622:T:C,3.58782350655409e-18,V:20023_irnt:884:1558,Suspected Vertical Pleiotropy,1.17827e-09
6:98355187:G:T,1.6240085702151e-14,V:20023_irnt:884:1558,Suspected Vertical Pleiotropy,5.30983e-09
6:98355221:A:C,4.51609356186619e-18,V:20023_irnt:884:1558,Suspected Vertical Pleiotropy,1.25246e-09
6:98355661:A:G,3.83082847793199e-18,V:20023_irnt:884:1558,Suspected Vertical Pleiotropy,1.19498e-09
6:98356183:G:C,4.23135484242071e-18,V:20023_irnt:884:1558,Suspected Vertical Pleiotropy,1.21889e-09
6:98356211:C:T,1.48616898130642e-14,V:20023_irnt:884:1558,Suspected Vertical Pleiotropy,5.20998e-09
6:98356503:T:A,4.29183739347672e-18,V:20023_irnt:884:1558,Suspected Vertical Pleiotropy,1.21794e-09
6:98358083:C:T,4.01202959067289e-18,V:20023_irnt:884:1558,Suspected Vertical Pleiotropy,1.20334e-09
6:98358220:T:C,8.87629443171107e-27,V:21001_irnt:23099_irnt:884:1558,Suspected Vertical Pleiotropy,3.05576e-12
6:98358575:G:A,5.12826945045936e-18,V:20023_irnt:884:1558,Suspected Vertical Pleiotropy,1.27871e-09
6:98358618:G:A,2.423489790481e-14,V:20023_irnt:884:1558,Suspected Vertical Pleiotropy,5.58875e-09
6:98359053:C:T,8.72724793265957e-15,V:20023_irnt:884:1558,Suspected Vertical Pleiotropy,4.80421e-09
6:98360211:T:C,6.89511657734485e-18,V:20023_irnt:884:1558,Suspected Vertical Pleiotropy,1.37447e-09
6:98361406:A:G,3.45080287391489e-18,V:20023_irnt:884:1558,Suspected Vertical Pleiotropy,1.19631e-09
6:98361770:T:C,1.76574482447582e-14,V:20023_irnt:884:1558,Suspected Vertical Pleiotropy,5.32586e-09
6:98361795:A:C,4.5239895902488e-18,V:20023_irnt:884:1558,Suspected Vertical Pleiotropy,1.23045e-09
6:98361813:A:G,1.16113924234861e-14,V:20023_irnt:884:1558,Suspected Vertical Pleiotropy,5.04921e-09
6:98364895:A:G,2.3150592723452e-25,V:21001_irnt:23099_irnt:884:1558,Suspected Vertical Pleiotropy,7.626e-12
6:98365289:G:A,3.52586201157144e-26,V:21001_irnt:23099_irnt:884:1558,Suspected Vertical Pleiotropy,4.24892e-12
6:98365764:T:C,1.74861845834216e-18,V:21001_irnt:1558,Suspected Vertical Pleiotropy,3.42332e-10
6:98366713:T:C,2.46019355189803e-14,V:20023_irnt:884:1558,Suspected Vertical Pleiotropy,5.4815e-09
6:98368639:A:T,8.68269181677046e-18,V:20023_irnt:884:1558,Suspected Vertical Pleiotropy,1.45357e-09
6:98369230:T:G,8.98937358227079e-27,V:21001_irnt:23099_irnt:884:1558,Suspected Vertical Pleiotropy,3.25892e-12
6:98370615:A:T,1.20822248802446e-17,V:20023_irnt:884:1558,Suspected Vertical Pleiotropy,1.54608e-09
6:98373765:T:C,2.65990569364377e-26,V:21001_irnt:23099_irnt:884:1558,Suspected Vertical Pleiotropy,5.66591e-12
6:98378173:T:C,7.12166423267806e-20,V:20023_irnt:884:1558,Suspected Vertical Pleiotropy,6.71064e-10
6:98378486:G:A,4.06964678792704e-22,V:884:1558,Suspected Vertical Pleiotropy,1.35602e-10
6:98379027:G:A,5.55163338111352e-22,V:884:1558,Suspected Vertical Pleiotropy,1.48687e-10
6:98379875:G:T,5.833199515044e-22,V:884:1558,Suspected Vertical Pleiotropy,1.53271e-10
6:98380233:G:A,7.51794007829461e-20,V:20023_irnt:884:1558,Suspected Vertical Pleiotropy,6.68509e-10
6:98385548:A:G,1.89308631844807e-27,V:884:1558,Suspected Vertical Pleiotropy,7.79176e-13
6:98385908:T:C,1.41161976993468e-22,V:884:1558,Suspected Vertical Pleiotropy,1.19217e-10
6:98387276:G:C,2.38216940029124e-22,V:884:1558,Suspected Vertical Pleiotropy,1.43451e-10
6:98388730:C:T,1.6736666999119e-27,V:884:1558,Suspected Vertical Pleiotropy,7.3916e-13
6:98390318:A:T,2.25930987493167e-22,V:884:1558,Suspected Vertical Pleiotropy,1.45753e-10
6:98390463:T:A,1.94758857606457e-27,V:884:1558,Suspected Vertical Pleiotropy,8.97098e-13
6:98390677:T:G,1.68722776317318e-27,V:884:1558,Suspected Vertical Pleiotropy,7.70347e-13
6:98390906:A:G,2.43253565652715e-22,V:884:1558,Suspected Vertical Pleiotropy,1.45796e-10
6:98391101:A:G,2.32486744534864e-22,V:884:1558,Suspected Vertical Pleiotropy,1.48308e-10
6:98392312:T:C,1.7245489507172e-27,V:884:1558,Suspected Vertical Pleiotropy,7.5902e-13
6:98392667:C:A,2.80533910806669e-28,V:21001_irnt:23099_irnt:884:1558,Suspected Vertical Pleiotropy,2.63246e-13
6:98394217:G:C,2.02314486997606e-27,V:884:1558,Suspected Vertical Pleiotropy,8.66338e-13
6:98395421:C:A,6.98894764915998e-37,V:884,Suspected Vertical Pleiotropy,3.48045e-16
6:98396176:G:A,6.3569825251539e-37,V:884,Suspected Vertical Pleiotropy,3.48863e-16
6:98396351:A:G,6.56327166395921e-37,V:884,Suspected Vertical Pleiotropy,3.60565e-16
6:98397820:C:T,6.24286886866362e-37,V:884,Suspected Vertical Pleiotropy,3.43615e-16
6:98398832:C:T,6.67369343843819e-37,V:884,Suspected Vertical Pleiotropy,3.02097e-16
6:98398914:T:C,2.03902904291146e-27,V:884:1558,Suspected Vertical Pleiotropy,7.18488e-13
6:98398945:A:G,6.64536414487169e-37,V:884,Suspected Vertical Pleiotropy,3.20721e-16
6:98399208:C:G,3.752938981233e-28,V:21001_irnt:23099_irnt:884:1558,Suspected Vertical Pleiotropy,2.44571e-13
6:98399407:C:T,6.75098929827624e-37,V:884,Suspected Vertical Pleiotropy,2.83259e-16
6:98399521:A:G,1.9560327773336e-28,V:21001_irnt:23099_irnt:884:1558,Suspected Vertical Pleiotropy,2.24165e-13
6:98399604:T:C,5.51304863447879e-37,V:884,Suspected Vertical Pleiotropy,2.99398e-16
6:98399612:T:A,5.41005273079067e-37,V:884,Suspected Vertical Pleiotropy,2.76281e-16
6:98400486:T:C,6.75120844524209e-37,V:884,Suspected Vertical Pleiotropy,3.30782e-16
6:98400834:C:T,1.36876694898747e-27,V:884:1558,Suspected Vertical Pleiotropy,5.28313e-13
6:98401483:A:C,6.13228339601622e-37,V:884,Suspected Vertical Pleiotropy,3.30853e-16
6:98401808:T:C,6.11039772997516e-37,V:884,Suspected Vertical Pleiotropy,3.30867e-16
6:98401847:T:C,6.01333688685082e-37,V:884,Suspected Vertical Pleiotropy,3.42315e-16
6:98402211:G:T,6.07088747384175e-37,V:884,Suspected Vertical Pleiotropy,3.31281e-16
6:98402387:G:C,1.62346031812503e-27,V:884:1558,Suspected Vertical Pleiotropy,6.3208e-13
6:98402394:A:C,6.12158970973681e-37,V:884,Suspected Vertical Pleiotropy,3.55774e-16
6:98402438:T:C,6.08552779630965e-37,V:884,Suspected Vertical Pleiotropy,3.50563e-16
6:98403022:C:T,2.04382782648841e-36,V:884,Suspected Vertical Pleiotropy,2.61674e-15
6:98403406:C:T,1.48589297106321e-27,V:884:1558,Suspected Vertical Pleiotropy,5.73108e-13
6:98403903:T:C,5.82815724941834e-37,V:884,Suspected Vertical Pleiotropy,3.16973e-16
6:98404174:T:C,5.79743495189865e-37,V:884,Suspected Vertical Pleiotropy,3.32846e-16
6:98404346:T:C,5.67734395266612e-37,V:884,Suspected Vertical Pleiotropy,3.27965e-16
6:98405151:T:A,5.75682490341817e-37,V:884,Suspected Vertical Pleiotropy,3.36266e-16
6:98405214:C:G,5.67996426117961e-37,V:884,Suspected Vertical Pleiotropy,3.27769e-16
6:98405337:C:G,5.64651352585159e-37,V:884,Suspected Vertical Pleiotropy,3.31041e-16
6:98406850:T:C,6.66349040947767e-37,V:884,Suspected Vertical Pleiotropy,3.85972e-16
6:98406939:G:A,7.05588306668112e-37,V:884,Suspected Vertical Pleiotropy,3.9255e-16
6:98409668:T:C,5.37401941713821e-37,V:884,Suspected Vertical Pleiotropy,3.90108e-16
6:98410756:G:A,5.27146445782228e-37,V:884,Suspected Vertical Pleiotropy,3.93452e-16
6:98411631:A:G,1.95929539524753e-28,V:21001_irnt:23099_irnt:884:1558,Suspected Vertical Pleiotropy,2.51769e-13
6:98412564:T:C,2.2521200987954e-27,V:884:1558,Suspected Vertical Pleiotropy,9.2384e-13
6:98413299:C:T,6.22976860718448e-28,V:884:1558,Suspected Vertical Pleiotropy,2.05922e-13
6:98415577:T:G,4.95006114065283e-37,V:884,Suspected Vertical Pleiotropy,4.68522e-16
6:98415905:C:T,1.59460997791162e-36,V:884,Suspected Vertical Pleiotropy,2.90933e-15
6:98416581:A:C,1.79596077858135e-36,V:884,Suspected Vertical Pleiotropy,3.02713e-15
6:98416821:A:C,1.94691884584919e-27,V:884,Suspected Vertical Pleiotropy,7.23563e-13
6:98417147:A:T,1.30370229487529e-27,V:884,Suspected Vertical Pleiotropy,4.50932e-13
6:98418637:T:C,1.44176469851132e-36,V:884,Suspected Vertical Pleiotropy,2.66801e-15
6:98419195:A:G,4.06872925093823e-37,V:884,Suspected Vertical Pleiotropy,3.57926e-16
6:98419613:C:T,2.5268100798638e-27,V:884:1558,Suspected Vertical Pleiotropy,1.0407e-12
6:98421721:T:C,4.0195061838023e-28,V:21001_irnt:23099_irnt:884:1558,Suspected Vertical Pleiotropy,3.06532e-13
6:98421991:T:C,5.51082811990786e-14,V:21001_irnt:23099_irnt:884:1558,Suspected Vertical Pleiotropy,1.7456e-08
6:98423208:G:A,4.11413755425784e-37,V:884,Suspected Vertical Pleiotropy,3.54832e-16
6:98423345:T:C,2.14886000792911e-27,V:884:1558,Suspected Vertical Pleiotropy,8.85724e-13
6:98426502:A:G,5.20762187902354e-28,V:884:1558,Suspected Vertical Pleiotropy,1.7251e-13
6:98429337:T:C,1.09247523027338e-27,V:21001_irnt:23099_irnt:884:1558,Suspected Vertical Pleiotropy,3.67647e-13
6:98431600:C:T,5.11824540129446e-37,V:884,Suspected Vertical Pleiotropy,5.45787e-16
6:98431805:A:G,1.46467125275861e-27,V:884:1558,Suspected Vertical Pleiotropy,1.02859e-12
6:98433708:A:C,4.92828529121275e-37,V:884,Suspected Vertical Pleiotropy,5.15624e-16
6:98434438:C:T,3.80352894594834e-28,V:884:1558,Suspected Vertical Pleiotropy,2.15305e-13
6:98435125:G:T,1.33002988362434e-27,V:21001_irnt:23099_irnt:884:1558,Suspected Vertical Pleiotropy,3.94359e-13
6:98436333:A:T,3.78361053449595e-28,V:884:1558,Suspected Vertical Pleiotropy,2.18175e-13
6:98436938:G:A,1.66064711304686e-27,V:884:1558,Suspected Vertical Pleiotropy,1.18601e-12
6:98437775:T:C,5.09335802205947e-37,V:884,Suspected Vertical Pleiotropy,5.59936e-16
6:98438566:A:T,5.03549819457757e-37,V:884,Suspected Vertical Pleiotropy,5.48455e-16
6:98439152:T:A,5.05078102326464e-37,V:884,Suspected Vertical Pleiotropy,5.5798e-16
6:98440879:G:A,1.48687785338154e-27,V:884:1558,Suspected Vertical Pleiotropy,1.08304e-12
6:98444794:C:A,3.69751670577343e-28,V:884:1558,Suspected Vertical Pleiotropy,2.17082e-13
6:98445008:C:A,6.36787092449244e-37,V:884,Suspected Vertical Pleiotropy,6.89496e-16
6:98448405:C:A,6.3797254709708e-28,V:884:1558,Suspected Vertical Pleiotropy,3.50391e-13
6:98448725:G:A,2.27477594907009e-28,V:884:1558,Suspected Vertical Pleiotropy,1.57731e-13
6:98449707:G:A,4.95997445481654e-29,V:884,Suspected Vertical Pleiotropy,4.94011e-14
6:98450190:T:A,9.362923172398e-28,V:884,Suspected Vertical Pleiotropy,3.78589e-13
6:98452680:T:C,8.08213295766729e-30,V:23099_irnt:884:1558,Suspected Vertical Pleiotropy,1.1501e-13
6:98453465:T:C,7.32194762971249e-28,V:884:1558,Suspected Vertical Pleiotropy,2.71127e-13
6:98458340:C:T,4.93500126238334e-30,V:23099_irnt:884:1558,Suspected Vertical Pleiotropy,9.81952e-14
6:98460173:G:C,1.05983463442687e-28,V:884,Suspected Vertical Pleiotropy,5.61975e-14
6:98463359:A:G,5.05101689290781e-33,V:884,Suspected Vertical Pleiotropy,2.11761e-16
6:98464373:T:A,5.57164077727637e-33,V:884,Suspected Vertical Pleiotropy,2.43018e-16
6:98464961:G:A,6.05998643571169e-33,V:884,Suspected Vertical Pleiotropy,6.94599e-16
6:98465097:G:A,5.93168046618275e-33,V:884,Suspected Vertical Pleiotropy,2.43256e-16
6:98466195:T:G,5.67091542047918e-28,V:884,Suspected Vertical Pleiotropy,1.8157e-13
6:98473185:G:A,1.2898429738388e-28,V:884,Suspected Vertical Pleiotropy,6.63269e-14
6:98473269:C:A,1.33639849102946e-28,V:884,Suspected Vertical Pleiotropy,6.81203e-14
6:98475160:A:G,2.79721213208658e-37,V:884,Suspected Vertical Pleiotropy,1.96905e-16
6:98476651:T:G,8.70956796066957e-28,V:884:1558,Suspected Vertical Pleiotropy,3.48237e-13
6:98481755:C:T,2.85557902728408e-37,V:884,Suspected Vertical Pleiotropy,2.21593e-16
6:98486851:A:G,8.05581385554967e-28,V:884:1558,Suspected Vertical Pleiotropy,2.92571e-13
6:98487056:G:C,2.84977726667886e-37,V:884,Suspected Vertical Pleiotropy,2.29193e-16
6:98488641:C:A,2.84557586439079e-37,V:884,Suspected Vertical Pleiotropy,2.28179e-16
6:98488771:A:G,9.4447382038162e-28,V:884:1558,Suspected Vertical Pleiotropy,3.388e-13
6:98489561:T:C,2.87017940501278e-37,V:884,Suspected Vertical Pleiotropy,2.28885e-16
6:98491210:G:A,2.96369855906898e-37,V:884,Suspected Vertical Pleiotropy,2.52503e-16
6:98493210:T:G,1.2507861163917e-28,V:884,Suspected Vertical Pleiotropy,6.15869e-14
6:98493740:A:T,1.37696297907135e-28,V:884,Suspected Vertical Pleiotropy,6.50447e-14
6:98494218:C:T,3.1283636446684e-37,V:884,Suspected Vertical Pleiotropy,2.85482e-16
6:98494482:C:T,1.35006753574458e-28,V:884,Suspected Vertical Pleiotropy,6.40477e-14
6:98495952:A:G,1.64043724015408e-22,V:20023_irnt:884:1558,Suspected Vertical Pleiotropy,3.39643e-10
6:98496511:C:T,2.04462342521158e-22,V:20023_irnt:884:1558,Suspected Vertical Pleiotropy,3.56125e-10
6:98498892:T:C,1.64270971700996e-22,V:20023_irnt:884:1558,Suspected Vertical Pleiotropy,3.41297e-10
6:98500437:A:T,1.71327472204749e-22,V:20023_irnt:884:1558,Suspected Vertical Pleiotropy,3.46945e-10
6:98500712:T:C,5.06219649269363e-29,V:23099_irnt:884:1558,Suspected Vertical Pleiotropy,2.14715e-13
6:98500715:A:G,7.83894752790605e-28,V:884:1558,Suspected Vertical Pleiotropy,3.09923e-13
6:98502762:G:A,7.9356322987664e-28,V:884:1558,Suspected Vertical Pleiotropy,3.00195e-13
6:98504640:A:G,1.46216500760335e-22,V:20023_irnt:884:1558,Suspected Vertical Pleiotropy,3.2338e-10
6:98505761:T:C,1.63307125513718e-22,V:20023_irnt:884:1558,Suspected Vertical Pleiotropy,3.35532e-10
6:98506649:A:G,1.25313744713772e-22,V:20023_irnt:884:1558,Suspected Vertical Pleiotropy,3.05363e-10
6:98506764:T:C,9.30665592161309e-29,V:21001_irnt:23099_irnt:884:1558,Suspected Vertical Pleiotropy,2.57448e-13
6:98506949:A:G,1.36814149831104e-22,V:20023_irnt:884:1558,Suspected Vertical Pleiotropy,3.2049e-10
6:98507430:C:T,9.34079915351356e-29,V:21001_irnt:23099_irnt:884:1558,Suspected Vertical Pleiotropy,2.60464e-13
6:98507832:A:C,6.49381026130647e-29,V:21001_irnt:23099_irnt:884:1558,Suspected Vertical Pleiotropy,2.29599e-13
6:98509656:T:G,5.94835763287386e-29,V:21001_irnt:23099_irnt:884:1558,Suspected Vertical Pleiotropy,2.2112e-13
6:98511047:T:C,1.33018703192038e-22,V:20023_irnt:884:1558,Suspected Vertical Pleiotropy,3.18568e-10
6:98511568:C:T,7.41226512063501e-28,V:884:1558,Suspected Vertical Pleiotropy,2.51677e-13
6:98512865:C:T,7.59013520845094e-28,V:884:1558,Suspected Vertical Pleiotropy,2.82198e-13
6:98513032:A:G,1.18541348474419e-26,V:21001_irnt:23099_irnt:884:1558,Suspected Vertical Pleiotropy,1.65244e-12
6:98514302:G:A,6.50338409659541e-29,V:21001_irnt:23099_irnt:884:1558,Suspected Vertical Pleiotropy,2.30825e-13
6:98517272:G:A,7.18375628261803e-28,V:884:1558,Suspected Vertical Pleiotropy,2.60325e-13
6:98517804:G:T,7.51147211832838e-28,V:884:1558,Suspected Vertical Pleiotropy,2.98166e-13
6:98519911:T:G,6.36538968081243e-29,V:21001_irnt:23099_irnt:884:1558,Suspected Vertical Pleiotropy,2.29327e-13
6:98520526:A:T,1.52659476861528e-22,V:20023_irnt:884:1558,Suspected Vertical Pleiotropy,3.18274e-10
6:98522102:C:A,6.57614594839699e-28,V:884,Suspected Vertical Pleiotropy,2.60911e-13
6:98522436:C:G,5.81284815076165e-29,V:21001_irnt:23099_irnt:884:1558,Suspected Vertical Pleiotropy,2.21848e-13
6:98522698:T:C,5.91223258329454e-29,V:21001_irnt:23099_irnt:884:1558,Suspected Vertical Pleiotropy,2.24694e-13
6:98525726:C:T,6.05656232649131e-29,V:21001_irnt:23099_irnt:884:1558,Suspected Vertical Pleiotropy,2.26175e-13
6:98526943:C:T,6.36638673021195e-29,V:21001_irnt:23099_irnt:884:1558,Suspected Vertical Pleiotropy,2.4194e-13
6:98527087:C:T,6.86271802289093e-29,V:21001_irnt:23099_irnt:884:1558,Suspected Vertical Pleiotropy,2.46346e-13
6:98528141:T:C,1.36394079709096e-29,V:23099_irnt:884:1558,Suspected Vertical Pleiotropy,1.60961e-13
6:98528143:C:T,2.17217011759393e-29,V:23099_irnt:884:1558,Suspected Vertical Pleiotropy,1.72693e-13
6:98528404:G:A,7.82734726735511e-29,V:21001_irnt:23099_irnt:884:1558,Suspected Vertical Pleiotropy,2.54512e-13
6:98529166:C:T,6.35836595538121e-29,V:21001_irnt:23099_irnt:884:1558,Suspected Vertical Pleiotropy,2.39442e-13
6:98536617:T:C,2.22616684315279e-27,V:884:1558,Suspected Vertical Pleiotropy,5.70045e-13
6:98537134:G:A,2.27330293118568e-27,V:884:1558,Suspected Vertical Pleiotropy,5.88311e-13
6:98537145:A:G,1.6010521958965e-31,V:884,Suspected Vertical Pleiotropy,1.59472e-15
6:98537993:G:A,8.30317090620971e-32,V:884,Suspected Vertical Pleiotropy,7.76451e-16
6:98539377:C:G,3.52261520435622e-29,V:23099_irnt:884:1558,Suspected Vertical Pleiotropy,2.03044e-13
6:98539379:C:T,3.46269192323498e-29,V:23099_irnt:884:1558,Suspected Vertical Pleiotropy,2.0219e-13
6:98539519:C:T,4.65092441445744e-29,V:21001_irnt:23099_irnt:884:1558,Suspected Vertical Pleiotropy,2.25743e-13
6:98539872:T:C,2.03972943910206e-27,V:884:1558,Suspected Vertical Pleiotropy,5.14631e-13
6:98540357:T:A,1.50595835961885e-31,V:884,Suspected Vertical Pleiotropy,1.48035e-15
6:98545611:G:T,5.71997732876612e-29,V:21001_irnt:23099_irnt:884:1558,Suspected Vertical Pleiotropy,2.73656e-13
6:98546394:T:C,1.27085645168749e-30,V:884,Suspected Vertical Pleiotropy,1.04957e-14
6:98546547:G:T,1.0198699665759e-24,V:21001_irnt:23099_irnt:884:1558,Suspected Vertical Pleiotropy,7.46133e-12
6:98547979:C:T,4.54741754146915e-25,V:21001_irnt:23099_irnt:884:1558,Suspected Vertical Pleiotropy,3.84618e-11
6:98549801:A:C,4.29325629015767e-20,V:21001_irnt:23099_irnt:884:1558,Suspected Vertical Pleiotropy,2.91258e-09
6:98550289:C:A,5.26355731467488e-20,V:21001_irnt:23099_irnt:884:1558,Suspected Vertical Pleiotropy,3.05388e-09
6:98553660:A:G,1.60461843290347e-27,V:884:1558,Suspected Vertical Pleiotropy,3.87387e-13
6:98553894:G:A,1.81640241008938e-19,V:21001_irnt:23099_irnt:884:1558,Suspected Vertical Pleiotropy,3.90969e-09
6:98555272:C:T,1.34493360980365e-19,V:21001_irnt:23099_irnt:884:1558,Suspected Vertical Pleiotropy,3.79562e-09
6:98560826:C:A,1.95406368327474e-27,V:884:1558,Suspected Vertical Pleiotropy,4.55786e-13
6:98562720:G:A,3.48249742461496e-24,V:21001_irnt:23099_irnt:884:1558,Suspected Vertical Pleiotropy,1.46474e-10
6:98565211:C:T,8.9023368146835e-21,V:21001_irnt:23099_irnt:884:1558,Suspected Vertical Pleiotropy,2.56364e-09
6:98565212:C:T,1.12484914379312e-24,V:21001_irnt:23099_irnt:884:1558,Suspected Vertical Pleiotropy,1.35231e-10
6:98567517:C:A,4.08031690076621e-28,V:884:1558,Suspected Vertical Pleiotropy,1.33381e-13
6:98569894:T:G,4.15863115359252e-28,V:884:1558,Suspected Vertical Pleiotropy,1.44978e-13
6:98572120:T:C,1.33185237840891e-26,V:21001_irnt:23099_irnt:884:1558,Suspected Vertical Pleiotropy,4.99163e-11
6:98572976:C:T,1.49163972893125e-26,V:21001_irnt:23099_irnt:884:1558,Suspected Vertical Pleiotropy,5.27605e-11
6:98574560:C:T,3.43903034385294e-21,V:21001_irnt:23099_irnt:884:1558,Suspected Vertical Pleiotropy,2.11291e-09
6:98574920:G:A,4.25098817757833e-28,V:884:1558,Suspected Vertical Pleiotropy,1.39882e-13
6:98575726:C:G,6.94466200802693e-25,V:21001_irnt:23099_irnt:884:1558,Suspected Vertical Pleiotropy,1.11835e-10
6:98575858:T:C,4.69511412714878e-28,V:884:1558,Suspected Vertical Pleiotropy,1.58596e-13
6:98576223:G:A,3.38378724984487e-21,V:21001_irnt:23099_irnt:884:1558,Suspected Vertical Pleiotropy,2.08404e-09
6:98576688:C:A,1.10612802755044e-26,V:21001_irnt:23099_irnt:884:1558,Suspected Vertical Pleiotropy,4.86879e-11
6:98577689:C:T,3.37159967797455e-21,V:21001_irnt:23099_irnt:884:1558,Suspected Vertical Pleiotropy,2.09372e-09
6:98578215:C:T,5.23201378953125e-25,V:884:1558,Suspected Vertical Pleiotropy,1.31136e-11
6:98578511:T:C,1.19818598989454e-26,V:21001_irnt:23099_irnt:884:1558,Suspected Vertical Pleiotropy,4.80333e-11
6:98579021:A:G,4.28962743579028e-28,V:884:1558,Suspected Vertical Pleiotropy,1.50478e-13
6:98579481:T:C,2.20885466458787e-26,V:21001_irnt:23099_irnt:884:1558,Suspected Vertical Pleiotropy,5.75991e-11
6:98580836:G:A,4.00642783788997e-28,V:884:1558,Suspected Vertical Pleiotropy,1.31941e-13
6:98580861:C:T,4.36989779282785e-28,V:884:1558,Suspected Vertical Pleiotropy,1.53696e-13
6:98582900:G:A,3.54760390184948e-21,V:21001_irnt:23099_irnt:884:1558,Suspected Vertical Pleiotropy,2.07656e-09
6:98585068:G:T,4.48448209591183e-28,V:884:1558,Suspected Vertical Pleiotropy,1.54701e-13
6:98585152:G:A,4.2302966282332e-28,V:884:1558,Suspected Vertical Pleiotropy,1.50624e-13
6:98586363:G:A,4.36063852294524e-28,V:884:1558,Suspected Vertical Pleiotropy,1.53046e-13
6:98588754:G:T,1.59139673702616e-26,V:21001_irnt:23099_irnt:884:1558,Suspected Vertical Pleiotropy,4.94206e-11
6:98589701:T:G,4.65978420646767e-28,V:884:1558,Suspected Vertical Pleiotropy,1.6805e-13
6:98591622:A:G,6.27262020293686e-21,V:21001_irnt:23099_irnt:884:1558,Suspected Vertical Pleiotropy,2.33523e-09
6:98591810:G:C,7.32558154424122e-28,V:884:1558,Suspected Vertical Pleiotropy,2.48959e-13
7:1906466:G:A,7.79424548856787e-11,V:48_irnt:20023_irnt:21001_irnt:1558,Suspected Vertical Pleiotropy,5.04581e-08
7:1914059:T:C,1.80318681875329e-13,V:20023_irnt:21001_irnt:1558,Suspected Vertical Pleiotropy,3.19874e-08
7:1914997:G:C,9.77238665308994e-13,V:20023_irnt:21001_irnt:1558,Suspected Vertical Pleiotropy,3.62567e-08
7:1915282:C:A,1.03212936405719e-12,V:20023_irnt:21001_irnt:1558,Suspected Vertical Pleiotropy,3.64746e-08
7:1915423:G:A,3.21154286598004e-11,V:20023_irnt:21001_irnt:1558,Suspected Vertical Pleiotropy,4.58368e-08
7:1915493:A:C,4.43726009549418e-13,V:20023_irnt:21001_irnt:1558,Suspected Vertical Pleiotropy,3.49378e-08
7:1915824:C:G,1.46185507083006e-12,V:48_irnt:20023_irnt:21001_irnt:1558,Suspected Vertical Pleiotropy,3.80507e-08
7:1916116:T:A,1.20979924818514e-12,V:20023_irnt:21001_irnt:1558,Suspected Vertical Pleiotropy,3.69637e-08
7:1917635:A:T,1.57276966168435e-13,V:20023_irnt:21001_irnt:1558,Suspected Vertical Pleiotropy,3.19697e-08
7:1918079:T:C,3.3688582119728e-12,V:20023_irnt:21001_irnt:1558,Suspected Vertical Pleiotropy,3.91218e-08
7:1921362:C:T,3.91353420858212e-10,V:20023_irnt:21001_irnt:1558,Suspected Vertical Pleiotropy,4.98564e-08
7:1935598:T:C,8.87367622639563e-11,V:48_irnt:20023_irnt:21001_irnt:23099_irnt:1558,Suspected Vertical Pleiotropy,5.63225e-08
7:1973970:C:T,1.11026099602985e-10,V:20023_irnt:21001_irnt:1558,Suspected Vertical Pleiotropy,2.90056e-08
7:1978002:T:C,9.47150285120473e-18,V:21001_irnt:1558,Suspected Vertical Pleiotropy,6.05669e-09
7:1989976:C:T,2.82758564107064e-20,V:48_irnt:20023_irnt:21001_irnt:23099_irnt:1558,Suspected Vertical Pleiotropy,8.35991e-09
7:2002733:T:C,1.50376668597215e-19,V:48_irnt:20023_irnt:21001_irnt:23099_irnt:1558,Suspected Vertical Pleiotropy,1.08112e-08
7:2015047:T:G,6.0907203392835e-22,V:48_irnt:20023_irnt:21001_irnt:23099_irnt:1558,Suspected Vertical Pleiotropy,7.16418e-09
7:2020904:G:C,1.3499049847708e-18,V:48_irnt:20023_irnt:21001_irnt:23099_irnt:1558,Suspected Vertical Pleiotropy,1.88115e-08
7:2021248:C:T,2.89803889666168e-19,V:48_irnt:20023_irnt:21001_irnt:23099_irnt:1558,Suspected Vertical Pleiotropy,1.65785e-08
7:2025001:G:C,2.909344747653e-17,V:48_irnt:20023_irnt:21001_irnt:23099_irnt:1558,Suspected Vertical Pleiotropy,2.40191e-08
7:2028968:G:T,1.00695360710152e-18,V:48_irnt:20023_irnt:21001_irnt:23099_irnt:1558,Suspected Vertical Pleiotropy,1.84764e-08
7:2032803:C:T,3.45216069618417e-16,V:48_irnt:20023_irnt:21001_irnt:23099_irnt:1558,Suspected Vertical Pleiotropy,2.90939e-08
7:2033780:G:C,1.82329586090744e-18,V:48_irnt:20023_irnt:21001_irnt:23099_irnt:1558,Suspected Vertical Pleiotropy,2.01565e-08
7:2048706:A:G,8.81703390142869e-19,V:48_irnt:20023_irnt:21001_irnt:23099_irnt:1558,Suspected Vertical Pleiotropy,1.89064e-08
7:2050747:C:T,9.81460171125936e-17,V:48_irnt:20023_irnt:21001_irnt:23099_irnt:1558,Suspected Vertical Pleiotropy,2.73965e-08
7:2051503:C:G,1.74573017996605e-15,V:48_irnt:20023_irnt:21001_irnt:23099_irnt:1558,Suspected Vertical Pleiotropy,3.3727e-08
7:2052318:C:T,9.78877867522397e-15,V:48_irnt:20023_irnt:21001_irnt:23099_irnt:1558,Suspected Vertical Pleiotropy,3.81242e-08
7:2082604:G:A,7.118405544064e-10,V:48_irnt:20023_irnt:21001_irnt:23099_irnt:1558,Suspected Vertical Pleiotropy,7.32462e-08
7:2083161:G:T,2.78850928482111e-10,V:48_irnt:21001_irnt:23099_irnt:1558,Suspected Vertical Pleiotropy,6.90702e-08
7:2083267:C:T,2.30396817599999e-12,V:48_irnt:20023_irnt:21001_irnt:23099_irnt:1558,Suspected Vertical Pleiotropy,5.54458e-08
8:30856464:A:G,4.75642092552092e-17,V:48_irnt:21001_irnt:23099_irnt:1558,Suspected Vertical Pleiotropy,1.59163e-08
8:30857668:T:C,6.50552281656502e-17,V:48_irnt:21001_irnt:23099_irnt:1558,Suspected Vertical Pleiotropy,1.67638e-08
9:86728175:T:A,1.04430368371521e-10,V:20116_0:884,Suspected Vertical Pleiotropy,6.25398e-09
9:86728457:T:C,1.12801070035659e-10,V:20116_0:884,Suspected Vertical Pleiotropy,8.00171e-09
9:86732294:C:T,3.91193408459235e-11,V:20116_0:884,Suspected Vertical Pleiotropy,7.96363e-09
